game_id,player_name,player_game_number,variant_name,number_of_suits,number_of_players,score,max_score,player_rating,change_in_player_rating,avg_team_rating
993816,Draku,1,No Variant,5,4,25,1,1404.3636363636363,4.36363636363626,1400.0
993816,Ramanujan,1,No Variant,5,4,25,1,1404.3636363636363,4.36363636363626,1400.0
993816,dapperblook,1,No Variant,5,4,25,1,1404.3636363636363,4.36363636363626,1400.0
993816,str8forward,1,No Variant,5,4,25,1,1404.3636363636363,4.36363636363626,1400.0
