variant_name,variant_rating,number_of_games_variant,number_of_max_scores_variant
No Variant,985.8268199054652,21,17
Rainbow,1014.7205471518,25,19
Prism,1069.6254048838657,27,15
White,1068.8951935488376,16,11
Muddy Rainbow,1122.319857964629,18,13
Pink,1140.6914203249305,42,20
Brown,1106.1988978783302,28,18
Light Pink,1249.5649642304818,25,13
Omni,1223.2429307769623,21,12
Null,1266.9132311664655,24,13
Clue Starved,1483.2506572676505,18,9
