variant_name,variant_rating,number_of_games_variant,number_of_max_scores_variant
No Variant,1016.3691990873166,94,67
Rainbow,1060.4592896803397,56,32
Prism,1052.6776674157402,42,24
White,1134.328434626261,40,20
Muddy Rainbow,1118.6567449086067,31,18
Pink,1133.0147514269547,93,44
Brown,1107.728936524555,71,39
Light Pink,1171.5330653459694,78,41
Omni,1197.4248128541335,61,31
Null,1176.1459158083296,57,33
Clue Starved,1445.8722182955082,99,40
