variant_name,variant_rating,number_of_games_variant,number_of_max_scores_variant
No Variant,973.5355644031772,19,16
Rainbow,1013.3914000061413,20,16
Prism,1092.1638046992157,18,9
White,1082.2659873806556,14,9
Muddy Rainbow,1133.568164654208,13,10
Pink,1162.37668105568,29,13
Brown,1120.4537741490387,18,12
Light Pink,1239.3484642703,15,10
Omni,1265.0499882674924,11,7
Null,1308.6072182728644,17,9
Clue Starved,1511.98990348817,16,7
