variant_name,variant_rating,number_of_games_variant,number_of_max_scores_variant
No Variant,985.8268199054652,21,17
Rainbow,1018.1358608315376,21,16
Prism,1087.6776091501144,19,10
White,1082.2659873806556,14,9
Muddy Rainbow,1133.568164654208,13,10
Pink,1149.5879639879352,34,16
Brown,1107.6785139673489,21,14
Light Pink,1241.6515504147148,18,11
Omni,1246.3220497017303,16,9
Null,1307.8607341490533,20,10
Clue Starved,1511.98990348817,16,7
