variant_name,variant_rating,number_of_games_variant,number_of_max_scores_variant
No Variant,1023.7655181504234,55,42
Rainbow,1037.4080947838386,50,30
Prism,1066.9598543204702,38,21
White,1127.135491819974,32,17
Muddy Rainbow,1143.6034822724316,27,16
Pink,1156.9226390259576,67,31
Brown,1131.0047302241546,59,32
Light Pink,1222.4209114345674,53,27
Omni,1210.8961435661647,34,18
Null,1210.658654338475,33,20
Clue Starved,1450.604487818446,31,15
