variant_name,variant_rating,number_of_games_variant,number_of_max_scores_variant
No Variant,1018.1817489225925,66,50
Rainbow,1037.7285720867646,50,30
Prism,1054.1990670525174,39,22
White,1127.343069191447,32,17
Muddy Rainbow,1143.464057998374,27,16
Pink,1136.972079665742,76,36
Brown,1120.512937938253,69,37
Light Pink,1212.6639235258515,63,30
Omni,1206.3789356176876,36,19
Null,1199.9972687059162,34,21
Clue Starved,1449.6888388221016,69,29
