variant_name,variant_rating,number_of_games_variant,number_of_max_scores_variant
No Variant,973.5355644031772,19,16
Rainbow,1007.9522543863253,19,16
Prism,1102.409903599476,17,8
White,1080.8544382434677,11,8
Muddy Rainbow,1148.1214998979456,12,9
Pink,1161.7427736584384,21,11
Brown,1132.6561123552383,15,11
Light Pink,1254.0104820205215,11,8
Omni,1274.4143181575128,9,6
Null,1322.8653021525342,14,8
Clue Starved,1509.476564261347,14,7
