variant_name,variant_rating,number_of_games_variant,number_of_max_scores_variant
No Variant,982.837869234428,22,18
Rainbow,1037.0895137639975,30,20
Prism,1060.8077774251194,29,16
White,1065.8993198243404,19,13
Muddy Rainbow,1122.2608866734686,18,13
Pink,1145.0079257788104,46,22
Brown,1125.5989621741833,38,22
Light Pink,1221.7589201256787,30,16
Omni,1239.5854244198883,29,14
Null,1230.3047576617494,29,17
Clue Starved,1471.5347663038556,22,11
