variant_name,variant_rating,number_of_games_variant,number_of_max_scores_variant
No Variant,985.8268199054652,21,17
Rainbow,1018.1358608315376,21,16
Prism,1087.6776091501144,19,10
White,1082.2659873806556,14,9
Muddy Rainbow,1133.568164654208,13,10
Pink,1152.054223793206,32,15
Brown,1120.4537741490387,18,12
Light Pink,1239.3484642703,15,10
Omni,1260.5683536736751,14,8
Null,1322.8120693738688,18,9
Clue Starved,1511.98990348817,16,7
