variant_name,variant_rating,number_of_games_variant,number_of_max_scores_variant
No Variant,978.5354727889244,18,15
Rainbow,1032.5657788764297,16,13
Prism,1103.731329514891,10,6
White,1094.1760949059333,8,6
Muddy Rainbow,1139.2969193740628,8,8
Pink,1162.0325512769132,13,9
Brown,1152.8778721060469,9,7
Light Pink,1254.0104820205215,11,8
Omni,1261.444619044542,6,5
Null,1319.9260894827055,12,8
Clue Starved,1521.547852420562,10,6
