variant_name,variant_rating,number_of_games_variant,number_of_max_scores_variant
No Variant,1024.9443678400494,53,40
Rainbow,1037.4080947838386,50,30
Prism,1070.5029451670162,35,19
White,1127.135491819974,32,17
Muddy Rainbow,1143.6034822724316,27,16
Pink,1160.7644724331813,64,29
Brown,1132.0071713865811,57,31
Light Pink,1223.504377318207,51,26
Omni,1210.8961435661647,34,18
Null,1210.658654338475,33,20
Clue Starved,1450.604487818446,31,15
