variant_name,variant_rating,number_of_games_variant,number_of_max_scores_variant
No Variant,973.5355644031772,19,16
Rainbow,1007.9522543863252,19,16
Prism,1092.1638046992157,18,9
White,1082.2659873806556,14,9
Muddy Rainbow,1133.568164654208,13,10
Pink,1164.2405646062443,25,12
Brown,1132.6561123552383,15,11
Light Pink,1242.3553659164365,12,9
Omni,1258.260122967183,10,7
Null,1322.8653021525342,14,8
Clue Starved,1510.749023157117,15,7
