variant_name,variant_rating,number_of_games_variant,number_of_max_scores_variant
No Variant,1023.7655181504234,55,42
Rainbow,1037.4080947838386,50,30
Prism,1066.9598543204702,38,21
White,1127.135491819974,32,17
Muddy Rainbow,1143.6034822724316,27,16
Pink,1150.7268691374918,71,33
Brown,1122.141047210964,61,34
Light Pink,1222.4209114345674,53,27
Omni,1210.8961435661647,34,18
Null,1210.658654338475,33,20
Clue Starved,1454.2327583800798,33,15
