variant_name,variant_rating,number_of_games_variant,number_of_max_scores_variant
No Variant,979.2938535701398,9,8
Rainbow,1080.8406554708265,6,5
Prism,1075.289346285313,4,4
White,1094.3297068943243,1,1
Muddy Rainbow,1191.397664960337,1,1
Pink,1180.70547734108,4,3
Brown,1184.9662404265996,2,2
Light Pink,1289.2343587232588,1,1
Omni,1289.8422657789756,1,1
Null,1400.0,0,0
Clue Starved,1600.0,0,0
