variant_name,variant_rating,number_of_games_variant,number_of_max_scores_variant
No Variant,1026.112205275949,51,38
Rainbow,1037.4080947838386,50,30
Prism,1070.5029451670162,35,19
White,1127.135491819974,32,17
Muddy Rainbow,1151.8741903504692,26,15
Pink,1160.7644724331813,64,29
Brown,1136.0858435376745,56,30
Light Pink,1223.504377318207,51,26
Omni,1210.8961435661647,34,18
Null,1210.658654338475,33,20
Clue Starved,1450.604487818446,31,15
