variant_name,variant_rating,number_of_games_variant,number_of_max_scores_variant
No Variant,973.5355644031772,19,16
Rainbow,1007.9522543863252,19,16
Prism,1092.1638046992157,18,9
White,1082.2659873806556,14,9
Muddy Rainbow,1133.568164654208,13,10
Pink,1152.7830542102731,27,13
Brown,1132.6561123552383,15,11
Light Pink,1229.1195540629485,13,10
Omni,1258.260122967183,10,7
Null,1322.8653021525342,14,8
Clue Starved,1511.98990348817,16,7
