variant_name,variant_rating,number_of_games_variant,number_of_max_scores_variant
No Variant,998.9217223644685,32,24
Rainbow,1050.5097318334253,38,24
Prism,1071.2303803778595,35,19
White,1112.0807399196228,28,16
Muddy Rainbow,1118.2527444127682,19,14
Pink,1151.0784917542408,47,22
Brown,1143.54402841089,47,25
Light Pink,1211.9618079688848,42,23
Omni,1221.9187882426402,32,16
Null,1216.3617863063878,32,19
Clue Starved,1450.901373180979,26,13
