variant_name,variant_rating,number_of_games_variant,number_of_max_scores_variant
No Variant,985.8268199054652,21,17
Rainbow,1018.1358608315376,21,16
Prism,1087.6776091501144,19,10
White,1082.2659873806556,14,9
Muddy Rainbow,1133.568164654208,13,10
Pink,1158.2709114882837,31,14
Brown,1120.4537741490387,18,12
Light Pink,1239.3484642703,15,10
Omni,1274.2466623801133,13,7
Null,1308.6072182728644,17,9
Clue Starved,1511.98990348817,16,7
