variant_name,variant_rating,number_of_games_variant,number_of_max_scores_variant
No Variant,985.8268199054652,21,17
Rainbow,1014.7205471518,25,19
Prism,1079.4177556799254,26,14
White,1068.8951935488376,16,11
Muddy Rainbow,1140.558936771555,16,11
Pink,1140.6914203249305,42,20
Brown,1111.129892874872,24,16
Light Pink,1262.924267149025,22,11
Omni,1228.487779699466,19,11
Null,1280.2523441709843,23,12
Clue Starved,1483.2506572676505,18,9
