variant_name,variant_rating,number_of_games_variant,number_of_max_scores_variant
No Variant,996.5610003682197,14,11
Rainbow,1075.6957298927448,7,6
Prism,1088.1145151131263,5,4
White,1094.988871355084,5,4
Muddy Rainbow,1191.397664960337,1,1
Pink,1180.334001521784,7,5
Brown,1171.8765629284496,4,4
Light Pink,1301.9948466518267,4,2
Omni,1270.1402144315691,3,3
Null,1400.0,0,0
Clue Starved,1596.244943270487,4,1
