variant_name,variant_rating,number_of_games_variant,number_of_max_scores_variant
No Variant,1023.7655181504234,55,42
Rainbow,1037.4080947838386,50,30
Prism,1066.9598543204702,38,21
White,1127.135491819974,32,17
Muddy Rainbow,1143.6034822724316,27,16
Pink,1139.156093686932,73,35
Brown,1122.141047210964,61,34
Light Pink,1224.3672711269717,55,27
Omni,1205.8240136130148,36,19
Null,1210.658654338475,33,20
Clue Starved,1435.8558444647458,39,18
