variant_name,variant_rating,number_of_games_variant,number_of_max_scores_variant
No Variant,1017.4821329767784,58,45
Rainbow,1037.7285720867646,50,30
Prism,1054.1990670525174,39,22
White,1127.343069191447,32,17
Muddy Rainbow,1143.464057998374,27,16
Pink,1137.8728053801158,73,35
Brown,1121.2424911315618,61,34
Light Pink,1219.9130023400874,57,28
Omni,1206.3789356176876,36,19
Null,1199.9972687059162,34,21
Clue Starved,1428.250670561501,41,19
