variant_name,variant_rating,number_of_games_variant,number_of_max_scores_variant
No Variant,982.837869234428,22,18
Rainbow,1037.0895137639975,30,20
Prism,1060.8077774251194,29,16
White,1068.8567649412437,16,11
Muddy Rainbow,1122.2608866734686,18,13
Pink,1139.881438829143,42,20
Brown,1129.8170778845326,37,21
Light Pink,1232.3486031967082,26,14
Omni,1233.0478046152234,27,14
Null,1240.0157751559598,28,16
Clue Starved,1486.8059349216455,21,10
