variant_name,variant_rating,number_of_games_variant,number_of_max_scores_variant
No Variant,1010.7575792649455,68,52
Rainbow,1035.4276179887956,51,31
Prism,1054.1990670525174,39,22
White,1122.9825885916355,33,18
Muddy Rainbow,1143.464057998374,27,16
Pink,1144.2989202346498,79,36
Brown,1120.512937938253,69,37
Light Pink,1217.2973558936503,66,30
Omni,1196.937104479607,39,21
Null,1199.9972687059162,34,21
Clue Starved,1455.5506948353498,78,31
