variant_name,variant_rating,number_of_games_variant,number_of_max_scores_variant
No Variant,997.5858322326072,33,25
Rainbow,1054.5085024166815,40,24
Prism,1071.2303803778595,35,19
White,1125.167667762638,32,17
Muddy Rainbow,1147.5907062805868,25,15
Pink,1155.426633886411,49,22
Brown,1136.8453040044972,49,27
Light Pink,1219.777007784923,50,26
Omni,1211.9954693574202,34,18
Null,1211.6554516523456,33,20
Clue Starved,1461.957947847044,30,14
