variant_name,variant_rating,number_of_games_variant,number_of_max_scores_variant
No Variant,998.9217223644685,32,24
Rainbow,1049.5851959611628,35,22
Prism,1070.2876086127774,32,17
White,1112.0807399196228,28,16
Muddy Rainbow,1118.2527444127682,19,14
Pink,1151.0784917542408,47,22
Brown,1147.646108337263,46,24
Light Pink,1224.8745123109,39,20
Omni,1226.265286546288,30,15
Null,1216.3617863063878,32,19
Clue Starved,1463.619528049786,24,12
