variant_name,variant_rating,number_of_games_variant,number_of_max_scores_variant
No Variant,1004.225723642808,70,54
Rainbow,1031.8584271158647,51,31
Prism,1051.0939017480987,39,22
White,1126.8901774843189,34,18
Muddy Rainbow,1140.5900313517889,27,16
Pink,1144.687150709334,83,38
Brown,1117.9151499015531,69,37
Light Pink,1212.8213732800457,68,31
Omni,1214.5326532780884,44,22
Null,1197.8861652146318,39,23
Clue Starved,1456.7677994898008,78,31
