variant_name,variant_rating,number_of_games_variant,number_of_max_scores_variant
No Variant,1007.7332548997562,72,55
Rainbow,1060.4592896803397,56,32
Prism,1051.0939017480987,39,22
White,1126.8901774843189,34,18
Muddy Rainbow,1141.3047291801709,29,16
Pink,1139.39099880724,90,42
Brown,1107.728936524555,71,39
Light Pink,1195.889033955549,72,35
Omni,1201.5401931129784,49,26
Null,1177.9304667813713,50,30
Clue Starved,1452.1291552237965,82,32
