variant_name,variant_rating,number_of_games_variant,number_of_max_scores_variant
No Variant,982.475375233858,22,18
Rainbow,1045.0899600650755,29,19
Prism,1060.866775092354,29,16
White,1068.844263044395,16,11
Muddy Rainbow,1122.2142167910226,18,13
Pink,1139.8093860174367,42,20
Brown,1127.0946937638053,37,21
Light Pink,1246.1218905399887,25,13
Omni,1244.4987136085144,26,13
Null,1258.1637398665064,26,14
Clue Starved,1483.2113128665799,18,9
