variant_name,variant_rating,number_of_games_variant,number_of_max_scores_variant
No Variant,1002.2839470601892,31,23
Rainbow,1049.5851959611628,35,22
Prism,1070.2876086127774,32,17
White,1088.7489658394336,25,15
Muddy Rainbow,1118.2527444127682,19,14
Pink,1151.0784917542408,47,22
Brown,1135.494533596825,43,23
Light Pink,1234.9503149991992,36,18
Omni,1226.265286546288,30,15
Null,1230.3047576617494,29,17
Clue Starved,1463.619528049786,24,12
