variant_name,variant_rating,number_of_games_variant,number_of_max_scores_variant
No Variant,996.4263347955771,14,11
Rainbow,1073.5138407787317,10,8
Prism,1094.4873608392982,9,6
White,1107.182835159875,6,4
Muddy Rainbow,1184.819419996186,2,2
Pink,1188.4879978457786,9,6
Brown,1163.1253437444254,5,5
Light Pink,1294.1340657951425,5,3
Omni,1269.6327575106013,3,3
Null,1384.022402232135,3,2
Clue Starved,1582.9399379836668,6,2
