variant_name,variant_rating,number_of_games_variant,number_of_max_scores_variant
No Variant,985.0093983686878,16,13
Rainbow,1058.067758965863,12,10
Prism,1094.4873608392982,9,6
White,1107.182835159875,6,4
Muddy Rainbow,1176.5043508529052,4,4
Pink,1176.2503134566252,10,7
Brown,1163.1253437444254,5,5
Light Pink,1269.056305026584,10,7
Omni,1269.888940499522,5,4
Null,1369.581949872205,8,5
Clue Starved,1533.623175203607,9,5
