variant_name,variant_rating,number_of_games_variant,number_of_max_scores_variant
No Variant,1012.3174615968668,95,68
Rainbow,1060.4592896803397,56,32
Prism,1059.3452956321544,45,25
White,1132.5264460144972,41,21
Muddy Rainbow,1116.8899597545749,32,19
Pink,1133.0147514269547,93,44
Brown,1107.728936524555,71,39
Light Pink,1171.5330653459694,78,41
Omni,1197.4248128541335,61,31
Null,1174.288333352869,58,34
Clue Starved,1457.3454606783205,101,40
