variant_name,variant_rating,number_of_games_variant,number_of_max_scores_variant
No Variant,996.5610003682197,14,11
Rainbow,1075.6957298927448,7,6
Prism,1075.289346285313,4,4
White,1100.7027288025774,4,3
Muddy Rainbow,1191.397664960337,1,1
Pink,1180.334001521784,7,5
Brown,1177.225506132749,3,3
Light Pink,1289.2343587232588,1,1
Omni,1270.1402144315691,3,3
Null,1400.0,0,0
Clue Starved,1600.0,0,0
