variant_name,variant_rating,number_of_games_variant,number_of_max_scores_variant
No Variant,991.102396721429,6,5
Rainbow,1071.5839470227477,4,4
Prism,1086.1421181563628,2,2
White,1094.3297068943243,1,1
Muddy Rainbow,1191.397664960337,1,1
Pink,1200.6706270555271,2,1
Brown,1192.1629087211206,1,1
Light Pink,1300.0,0,0
Omni,1300.0,0,0
Null,1400.0,0,0
Clue Starved,1600.0,0,0
