variant_name,variant_rating,number_of_games_variant,number_of_max_scores_variant
No Variant,1020.3629866475632,88,63
Rainbow,1060.4592896803397,56,32
Prism,1053.3974649236795,41,23
White,1134.328434626261,40,20
Muddy Rainbow,1118.6567449086067,31,18
Pink,1139.39099880724,90,42
Brown,1107.728936524555,71,39
Light Pink,1172.3341335238235,77,40
Omni,1200.1181301120423,56,29
Null,1176.1459158083296,57,33
Clue Starved,1453.2692379063958,95,38
