variant_name,variant_rating,number_of_games_variant,number_of_max_scores_variant
No Variant,998.9217223644685,32,24
Rainbow,1054.5085024166815,40,24
Prism,1071.2303803778595,35,19
White,1125.167667762638,32,17
Muddy Rainbow,1118.2527444127682,19,14
Pink,1155.426633886411,49,22
Brown,1139.408152290781,48,26
Light Pink,1206.7886450221558,43,24
Omni,1216.7031247145603,33,17
Null,1216.3617863063878,32,19
Clue Starved,1461.957947847044,30,14
