variant_name,variant_rating,number_of_games_variant,number_of_max_scores_variant
No Variant,998.9217223644685,32,24
Rainbow,1049.5851959611628,35,22
Prism,1070.2876086127774,32,17
White,1103.1694519882556,26,15
Muddy Rainbow,1118.2527444127682,19,14
Pink,1151.0784917542408,47,22
Brown,1143.0143493245816,44,23
Light Pink,1228.5346562052841,37,19
Omni,1226.265286546288,30,15
Null,1217.5217081061187,30,18
Clue Starved,1463.619528049786,24,12
