variant_name,variant_rating,number_of_games_variant,number_of_max_scores_variant
No Variant,985.8268199054652,21,17
Rainbow,1020.0539453274384,24,18
Prism,1078.603578759048,24,13
White,1077.2940557774227,15,10
Muddy Rainbow,1140.558936771555,16,11
Pink,1143.6813150590217,41,19
Brown,1101.6356751864437,23,16
Light Pink,1262.9242671490247,22,11
Omni,1228.487779699466,19,11
Null,1280.2523441709843,23,12
Clue Starved,1483.2506572676505,18,9
