variant_name,variant_rating,number_of_games_variant,number_of_max_scores_variant
No Variant,991.748513072731,24,19
Rainbow,1051.462839873598,34,21
Prism,1070.2876086127774,32,17
White,1088.7489658394336,25,15
Muddy Rainbow,1122.2608866734686,18,13
Pink,1151.0784917542408,47,22
Brown,1135.494533596825,43,23
Light Pink,1234.606437417785,32,16
Omni,1239.5854244198883,29,14
Null,1230.3047576617494,29,17
Clue Starved,1471.5347663038556,22,11
