variant_name,variant_rating,number_of_games_variant,number_of_max_scores_variant
No Variant,1010.1794345550236,74,56
Rainbow,1060.4592896803397,56,32
Prism,1051.0939017480987,39,22
White,1128.5694718387529,35,18
Muddy Rainbow,1141.3047291801709,29,16
Pink,1139.39099880724,90,42
Brown,1107.728936524555,71,39
Light Pink,1179.4251785528377,75,38
Omni,1204.8916663145453,55,28
Null,1176.1459158083296,57,33
Clue Starved,1440.4547129113328,85,34
