variant_name,variant_rating,number_of_games_variant,number_of_max_scores_variant
No Variant,1274.4178490506465,128,38
Rainbow,1210.1136421329084,22,4
Prism,1077.5328685785278,10,6
White,1173.7845598351782,8,2
Muddy Rainbow,1186.888586741048,2,2
Pink,1195.7607365909605,6,4
Brown,1215.745945514814,4,2
Light Pink,1280.7688979146164,2,2
Omni,1262.43305200879,4,4
Null,1296.9769013024866,18,10
Clue Starved,1589.3432714699695,40,10
