variant_name,variant_rating,number_of_games_variant,number_of_max_scores_variant
No Variant,1004.225723642808,70,54
Rainbow,1036.9843944965037,52,31
Prism,1051.0939017480987,39,22
White,1126.8901774843189,34,18
Muddy Rainbow,1141.3047291801709,29,16
Pink,1139.39099880724,90,42
Brown,1107.728936524555,71,39
Light Pink,1212.8213732800457,68,31
Omni,1201.5401931129784,49,26
Null,1197.762098067507,46,26
Clue Starved,1459.136685863278,81,31
