variant_name,variant_rating,number_of_games_variant,number_of_max_scores_variant
No Variant,978.3375579151708,18,15
Rainbow,1054.9463197854986,14,11
Prism,1094.4873608392982,9,6
White,1100.891536935157,7,5
Muddy Rainbow,1176.5043508529052,4,4
Pink,1172.7802201821378,12,8
Brown,1142.812948939487,8,7
Light Pink,1254.049355822095,11,8
Omni,1261.4446190445417,6,5
Null,1337.7658415872088,11,7
Clue Starved,1521.2369363568864,10,6
