variant_name,variant_rating,number_of_games_variant,number_of_max_scores_variant
No Variant,985.8268199054652,21,17
Rainbow,1022.753541218306,23,17
Prism,1098.5759965877942,22,11
White,1082.2659873806556,14,9
Muddy Rainbow,1148.4550075314014,14,10
Pink,1143.684947661933,36,17
Brown,1107.6785139673489,21,14
Light Pink,1241.6515504147148,18,11
Omni,1241.664014426473,18,10
Null,1294.4143266636888,22,11
Clue Starved,1499.1593697042747,17,8
