variant_name,variant_rating,number_of_games_variant,number_of_max_scores_variant
No Variant,985.0093983686878,16,13
Rainbow,1069.0758744566144,11,9
Prism,1094.4873608392982,9,6
White,1107.182835159875,6,4
Muddy Rainbow,1176.5043508529052,4,4
Pink,1188.4879978457786,9,6
Brown,1163.1253437444254,5,5
Light Pink,1269.056305026584,10,7
Omni,1269.632757510601,3,3
Null,1369.581949872205,8,5
Clue Starved,1582.9399379836668,6,2
