variant_name,variant_rating,number_of_games_variant,number_of_max_scores_variant
No Variant,985.8268199054652,21,17
Rainbow,1031.5067626091636,22,16
Prism,1077.154548520757,20,11
White,1082.2659873806556,14,9
Muddy Rainbow,1148.4550075314014,14,10
Pink,1149.5879639879352,34,16
Brown,1107.6785139673489,21,14
Light Pink,1241.6515504147148,18,11
Omni,1234.264136233268,17,10
Null,1307.860734149053,20,10
Clue Starved,1511.98990348817,16,7
