variant_name,variant_rating,number_of_games_variant,number_of_max_scores_variant
No Variant,1004.225723642808,70,54
Rainbow,1031.8584271158647,51,31
Prism,1051.0939017480987,39,22
White,1126.8901774843189,34,18
Muddy Rainbow,1140.5900313517889,27,16
Pink,1138.2901628978132,88,41
Brown,1111.1110497561065,70,38
Light Pink,1212.8213732800457,68,31
Omni,1203.1217944440632,46,24
Null,1191.191879187468,44,26
Clue Starved,1456.7677994898008,78,31
