variant_name,variant_rating,number_of_games_variant,number_of_max_scores_variant
No Variant,1004.2247012573,12,9
Rainbow,1075.6957298927448,7,6
Prism,1075.289346285313,4,4
White,1089.8396894992034,2,2
Muddy Rainbow,1191.397664960337,1,1
Pink,1185.805570389896,6,4
Brown,1177.225506132749,3,3
Light Pink,1289.2343587232588,1,1
Omni,1279.5032347832548,2,2
Null,1400.0,0,0
Clue Starved,1600.0,0,0
