variant_name,variant_rating,number_of_games_variant,number_of_max_scores_variant
No Variant,978.5354727889244,18,15
Rainbow,1022.8501757115256,17,14
Prism,1105.9387649715936,15,7
White,1094.1760949059333,8,6
Muddy Rainbow,1159.0524414093604,11,8
Pink,1172.803399481836,20,10
Brown,1132.6561123552383,15,11
Light Pink,1254.0104820205215,11,8
Omni,1274.4143181575128,9,6
Null,1322.8653021525342,14,8
Clue Starved,1509.476564261347,14,7
