variant_name,variant_rating,number_of_games_variant,number_of_max_scores_variant
No Variant,982.837869234428,22,18
Rainbow,1037.0895137639975,30,20
Prism,1060.8077774251194,29,16
White,1060.486156315846,17,12
Muddy Rainbow,1122.2608866734686,18,13
Pink,1135.6288058187092,43,21
Brown,1125.5989621741833,38,22
Light Pink,1230.1501960236549,28,15
Omni,1235.2797547787948,28,14
Null,1230.3047576617494,29,17
Clue Starved,1486.8059349216455,21,10
