variant_name,variant_rating,number_of_games_variant,number_of_max_scores_variant
No Variant,1015.7123789839522,80,59
Rainbow,1060.4592896803397,56,32
Prism,1051.0939017480987,39,22
White,1132.4662375020646,36,18
Muddy Rainbow,1118.6567449086067,31,18
Pink,1139.39099880724,90,42
Brown,1107.728936524555,71,39
Light Pink,1173.8637657105382,76,39
Omni,1200.1181301120423,56,29
Null,1176.1459158083296,57,33
Clue Starved,1430.07133396769,88,36
