variant_name,variant_rating,number_of_games_variant,number_of_max_scores_variant
No Variant,978.3375579151708,18,15
Rainbow,1065.3727952476038,13,10
Prism,1094.4873608392982,9,6
White,1100.891536935157,7,5
Muddy Rainbow,1176.5043508529052,4,4
Pink,1184.371297338232,11,7
Brown,1156.3185622594206,6,6
Light Pink,1269.056305026584,10,7
Omni,1261.4446190445417,6,5
Null,1369.581949872205,8,5
Clue Starved,1533.623175203607,9,5
