variant_name,variant_rating,number_of_games_variant,number_of_max_scores_variant
No Variant,1022.3989755050784,76,56
Rainbow,1060.4592896803397,56,32
Prism,1051.0939017480987,39,22
White,1128.5694718387529,35,18
Muddy Rainbow,1132.261493850154,30,17
Pink,1139.39099880724,90,42
Brown,1107.728936524555,71,39
Light Pink,1173.8637657105382,76,39
Omni,1200.1181301120423,56,29
Null,1176.1459158083296,57,33
Clue Starved,1433.764258301078,86,35
