variant_name,variant_rating,number_of_games_variant,number_of_max_scores_variant
No Variant,1004.225723642808,70,54
Rainbow,1031.8584271158647,51,31
Prism,1051.0939017480987,39,22
White,1126.8901774843189,34,18
Muddy Rainbow,1140.94883324219,28,16
Pink,1143.0683888486492,89,41
Brown,1111.1110497561065,70,38
Light Pink,1212.8213732800457,68,31
Omni,1203.1217944440632,46,24
Null,1196.192171850165,45,26
Clue Starved,1456.9969313539962,79,31
