variant_name,variant_rating,number_of_games_variant,number_of_max_scores_variant
No Variant,1024.215104753112,49,37
Rainbow,1037.4080947838386,50,30
Prism,1070.5029451670162,35,19
White,1127.135491819974,32,17
Muddy Rainbow,1151.8741903504692,26,15
Pink,1162.4212551269225,62,28
Brown,1137.7074019234442,54,29
Light Pink,1223.504377318207,51,26
Omni,1210.8961435661647,34,18
Null,1210.658654338475,33,20
Clue Starved,1450.604487818446,31,15
