variant_name,variant_rating,number_of_games_variant,number_of_max_scores_variant
No Variant,996.518750551604,14,11
Rainbow,1070.3004867437264,8,7
Prism,1099.5901462077588,6,4
White,1095.0649151971504,5,4
Muddy Rainbow,1184.757668271672,2,2
Pink,1193.667850677019,8,5
Brown,1163.1325336272846,5,5
Light Pink,1301.936238695921,4,2
Omni,1270.0943342911307,3,3
Null,1400.0,0,0
Clue Starved,1583.0184771814734,6,2
