variant_name,variant_rating,number_of_games_variant,number_of_max_scores_variant
No Variant,1010.7575792649455,68,52
Rainbow,1035.4276179887956,51,31
Prism,1054.1990670525174,39,22
White,1127.343069191447,32,17
Muddy Rainbow,1143.464057998374,27,16
Pink,1136.972079665742,76,36
Brown,1120.512937938253,69,37
Light Pink,1217.2973558936503,66,30
Omni,1201.5847464611477,38,20
Null,1199.9972687059162,34,21
Clue Starved,1446.2309378274215,75,31
