variant_name,variant_rating,number_of_games_variant,number_of_max_scores_variant
No Variant,1010.7575792649455,68,52
Rainbow,1035.4276179887956,51,31
Prism,1054.1990670525174,39,22
White,1129.0291773636766,34,18
Muddy Rainbow,1143.464057998374,27,16
Pink,1154.6692769216615,81,36
Brown,1120.512937938253,69,37
Light Pink,1217.2973558936503,66,30
Omni,1196.937104479607,39,21
Null,1204.3874934288042,35,21
Clue Starved,1455.5506948353498,78,31
