variant_name,variant_rating,number_of_games_variant,number_of_max_scores_variant
No Variant,996.518750551604,14,11
Rainbow,1076.0461562559576,7,6
Prism,1088.2157352819174,5,4
White,1095.0649151971504,5,4
Muddy Rainbow,1191.397664960337,1,1
Pink,1180.7632153453228,7,5
Brown,1163.1325336272846,5,5
Light Pink,1301.936238695921,4,2
Omni,1270.0943342911307,3,3
Null,1400.0,0,0
Clue Starved,1583.0184771814734,6,2
