variant_name,variant_rating,number_of_games_variant,number_of_max_scores_variant
No Variant,1023.7655181504234,55,42
Rainbow,1037.4080947838386,50,30
Prism,1071.444416502693,37,20
White,1127.135491819974,32,17
Muddy Rainbow,1143.6034822724316,27,16
Pink,1161.7853257462912,66,30
Brown,1131.0047302241546,59,32
Light Pink,1222.4209114345674,53,27
Omni,1210.8961435661647,34,18
Null,1210.658654338475,33,20
Clue Starved,1450.604487818446,31,15
